地区,区域_最大后台CPU使用率,区域_平均后台CPU使用率,区域_后台CPU超阈值App占比,区域_最大峰值CPU使用率,区域_最大后台时间占比,区域_平均后台时间占比,区域_后台时间占比超阈值App数,区域_平均前台使用时长,区域_最高卸载率App,区域_平均卸载率,区域_短期卸载App占比,区域_高后台CPU且高后台时间占比App数,区域_调度次数特征,异常标签,异常分数,是否异常
北京,17.502985074626867,16.778881567770902,0.0,35.514634146341464,0.46685201695657536,0.44608546801671567,0,100.3765790424571,0.6666666666666666,0.5052427833731074,0.046153846153846156,0,0,-1,-0.0020698349387905934,异常
上海,19.01666666666667,17.811233843892165,0.0,38.55925925925926,0.45483201698258324,0.4414702904804261,0,102.43714635736089,0.6326530612244898,0.4970530245195005,0.04918032786885246,0,0,1,0.04130635309977504,正常
广州,18.71818181818182,17.277441077441075,0.0,39.05227272727273,0.45003356231661606,0.4337975230457472,0,100.07198653198654,0.6363636363636364,0.5163636363636364,0.025210084033613446,0,0,1,0.01172906465314677,正常
深圳,18.184,17.493315703482917,0.0,36.61,0.45760603732760674,0.4454039120852607,0,99.76016570072308,0.5573770491803278,0.4881151404757961,0.03875968992248062,0,0,1,0.05228104879647816,正常
