地区,区域_最大后台CPU使用率,区域_平均后台CPU使用率,区域_后台CPU超阈值App占比,区域_最大峰值CPU使用率,区域_最大后台时间占比,区域_平均后台时间占比,区域_后台时间占比超阈值App数,区域_平均前台使用时长,区域_最高卸载率App,区域_平均卸载率,区域_短期卸载App占比,区域_高后台CPU且高后台时间占比App数,区域_调度次数特征,异常标签,异常分数,是否异常
北京,17.502985074626867,16.778881567770902,0.0,35.514634146341464,0.46685201695657536,0.44608546801671567,0,100.3765790424571,0.6666666666666666,0.5052427833731074,0.046153846153846156,0,0,-1,-0.0020698349387905934,异常
